<?xml version="1.0" encoding="UTF-8"?>
<project-private xmlns="http://www.netbeans.org/ns/project-private/1">
    <editor-bookmarks xmlns="http://www.netbeans.org/ns/editor-bookmarks/2" lastBookmarkId="0"/>
    <open-files xmlns="http://www.netbeans.org/ns/projectui-open-files/2">
        <group>
            <file>file:/opt/lampp/htdocs/trunk/default/app/controllers/index_controller.php</file>
            <file>file:/opt/lampp/htdocs/trunk/default/app/views/_shared/partials/breadcrumb.phtml</file>
            <file>file:/opt/lampp/htdocs/trunk/default/app/controllers/carpeta_controller.php</file>
            <file>file:/opt/lampp/htdocs/trunk/default/app/libs/breadcrumb.php</file>
            <file>file:/opt/lampp/htdocs/trunk/default/app/views/_shared/partials/sbadmin/header.phtml</file>
            <file>file:/opt/lampp/htdocs/trunk/default/app/views/carpeta/abrir.phtml</file>
            <file>file:/opt/lampp/htdocs/trunk/default/app/views/usuario/ingresar.phtml</file>
            <file>file:/opt/lampp/htdocs/trunk/default/app/libs/app_controller.php</file>
            <file>file:/opt/lampp/htdocs/trunk/default/app/views/administrador/inicioadmin.phtml</file>
            <file>file:/opt/lampp/htdocs/trunk/default/app/controllers/administrador_controller.php</file>
            <file>file:/opt/lampp/htdocs/trunk/default/app/controllers/usuario_controller.php</file>
            <file>file:/opt/lampp/htdocs/trunk/default/app/models/carpeta.php</file>
        </group>
    </open-files>
</project-private>
